<?xml version="1.0" encoding="utf-8"?><feed xmlns="http://www.w3.org/2005/Atom" ><generator uri="https://jekyllrb.com/" version="3.8.4">Jekyll</generator><link href="http://localhost:4000/feed.xml" rel="self" type="application/atom+xml" /><link href="http://localhost:4000/" rel="alternate" type="text/html" /><updated>2022-10-06T09:48:55+00:00</updated><id>http://localhost:4000/feed.xml</id><title type="html">Edition Template</title><subtitle>Product documentation template for Jekyll.</subtitle><author><name>{&quot;name&quot;=&gt;nil, &quot;email&quot;=&gt;nil, &quot;twitter&quot;=&gt;nil}</name></author><entry><title type="html">General fixes and improvements</title><link href="http://localhost:4000/2016/02/05/general-fixes-and-improvements/" rel="alternate" type="text/html" title="General fixes and improvements" /><published>2016-02-05T00:00:00+00:00</published><updated>2016-02-05T00:00:00+00:00</updated><id>http://localhost:4000/2016/02/05/general-fixes-and-improvements</id><content type="html" xml:base="http://localhost:4000/2016/02/05/general-fixes-and-improvements/">&lt;p&gt;This release fixes a few minor issues reported by users. We’ve also made a few quality of life improvements.&lt;/p&gt;

&lt;p&gt;&lt;strong&gt;Features:&lt;/strong&gt;&lt;/p&gt;

&lt;ul&gt;
  &lt;li&gt;Streamlined access to contact details&lt;/li&gt;
  &lt;li&gt;Better sort order for archived messages&lt;/li&gt;
&lt;/ul&gt;

&lt;p&gt;&lt;strong&gt;Fixes:&lt;/strong&gt;&lt;/p&gt;

&lt;ul&gt;
  &lt;li&gt;Input sometimes getting stuck&lt;/li&gt;
  &lt;li&gt;One more memory leak obliterated&lt;/li&gt;
&lt;/ul&gt;</content><author><name>{&quot;name&quot;=&gt;nil, &quot;email&quot;=&gt;nil, &quot;twitter&quot;=&gt;nil}</name></author><summary type="html">This release fixes a few minor issues reported by users. We’ve also made a few quality of life improvements.</summary></entry><entry><title type="html">Media support</title><link href="http://localhost:4000/2016/01/12/media-support/" rel="alternate" type="text/html" title="Media support" /><published>2016-01-12T00:00:00+00:00</published><updated>2016-01-12T00:00:00+00:00</updated><id>http://localhost:4000/2016/01/12/media-support</id><content type="html" xml:base="http://localhost:4000/2016/01/12/media-support/">&lt;p&gt;ChatApp introduces media support! Send images, videos and documents to your contacts.&lt;/p&gt;

&lt;p&gt;&lt;strong&gt;Features:&lt;/strong&gt;&lt;/p&gt;

&lt;ul&gt;
  &lt;li&gt;Image support&lt;/li&gt;
  &lt;li&gt;Video support&lt;/li&gt;
  &lt;li&gt;Document support&lt;/li&gt;
&lt;/ul&gt;

&lt;p&gt;&lt;strong&gt;Fixes:&lt;/strong&gt;&lt;/p&gt;

&lt;ul&gt;
  &lt;li&gt;Edge case contact syncing issue&lt;/li&gt;
  &lt;li&gt;All memory leaks obliterated&lt;/li&gt;
&lt;/ul&gt;</content><author><name>{&quot;name&quot;=&gt;nil, &quot;email&quot;=&gt;nil, &quot;twitter&quot;=&gt;nil}</name></author><summary type="html">ChatApp introduces media support! Send images, videos and documents to your contacts.</summary></entry></feed>